100001,PMQUOTE
100006,PMQUOTE
100012,PMQUOTE
100017,PMQUOTE
100018,PMQUOTE
100019,PMQUOTE
100023,PMQUOTE
100027,PMQUOTE
100036,PMQUOTE
100044,PMQUOTE
100045,PMQUOTE
100060,PMQUOTE
100062,PMQUOTE
100070,PMQUOTE
100071,PMQUOTE
100075,PMQUOTE
100082,PMQUOTE
100085,PMQUOTE
100090,PMQUOTE
100091,PMQUOTE
100093,PMQUOTE
100095,PMQUOTE
100096,PMQUOTE
100100,PMQUOTE
100126,PMQUOTE
100134,PMQUOTE
100135,PMQUOTE
100138,PMQUOTE
100139,PMQUOTE
100141,PMQUOTE
100145,PMQUOTE
100148,PMQUOTE
100152,PMQUOTE
100155,PMQUOTE
100161,PMQUOTE
100177,PMQUOTE
100184,PMQUOTE
100187,PMQUOTE
100188,PMQUOTE
100195,PMQUOTE
100201,PMQUOTE
100208,PMQUOTE
100209,PMQUOTE
100211,PMQUOTE
100213,PMQUOTE
100222,PMQUOTE
100224,PMQUOTE
100225,PMQUOTE
100230,PMQUOTE
100234,PMQUOTE
100235,PMQUOTE
100237,PMQUOTE
100241,PMQUOTE
100243,PMQUOTE
100247,PMQUOTE
100248,PMQUOTE
100249,PMQUOTE
100252,PMQUOTE
100253,PMQUOTE
100260,PMQUOTE
100265,PMQUOTE
100267,PMQUOTE
100280,PMQUOTE
100283,PMQUOTE
100284,PMQUOTE
100306,PMQUOTE
100326,PMQUOTE
100336,PMQUOTE
100356,PMQUOTE
100365,PMQUOTE
100366,PMQUOTE
100385,PMQUOTE
100389,PMQUOTE
100395,PMQUOTE
100406,PMQUOTE
100415,PMQUOTE
100417,PMQUOTE
100424,PMQUOTE
100431,PMQUOTE
100432,PMQUOTE
100440,PMQUOTE
100442,PMQUOTE
100467,PMQUOTE
100468,PMQUOTE
100470,PMQUOTE
100474,PMQUOTE
100485,PMQUOTE
100487,PMQUOTE
100513,PMQUOTE
100520,PMQUOTE
100528,PMQUOTE
100539,PMQUOTE
100548,PMQUOTE
100549,PMQUOTE
100574,PMQUOTE
100579,PMQUOTE
100583,PMQUOTE
100589,PMQUOTE
100600,PMQUOTE
100605,PMQUOTE
100611,PMQUOTE
100616,PMQUOTE
100624,PMQUOTE
100626,PMQUOTE
100641,PMQUOTE
100644,PMQUOTE
100668,PMQUOTE
100677,PMQUOTE
100699,PMQUOTE
100700,PMQUOTE
100708,PMQUOTE
100709,PMQUOTE
100715,PMQUOTE
100724,PMQUOTE
100732,PMQUOTE
100740,PMQUOTE
100755,PMQUOTE
100759,PMQUOTE
100760,PMQUOTE
100773,PMQUOTE
100778,PMQUOTE
100780,PMQUOTE
100787,PMQUOTE
100800,PMQUOTE
100802,PMQUOTE
100803,PMQUOTE
100815,PMQUOTE
100819,PMQUOTE
100823,PMQUOTE
100824,PMQUOTE
100827,PMQUOTE
100830,PMQUOTE
100838,PMQUOTE
100840,PMQUOTE
100851,PMQUOTE
100860,PMQUOTE
100861,PMQUOTE
100877,PMQUOTE
100878,PMQUOTE
100882,PMQUOTE
100885,PMQUOTE
100893,PMQUOTE
100894,PMQUOTE
100897,PMQUOTE
100898,PMQUOTE
100900,PMQUOTE
100901,PMQUOTE
100903,PMQUOTE
100908,PMQUOTE
100909,PMQUOTE
100920,PMQUOTE
101199,PMQUOTE
101205,PMQUOTE
101215,PMQUOTE
101222,PMQUOTE
101264,PMQUOTE
101334,PMQUOTE
101337,PMQUOTE
101518,PMQUOTE
101519,PMQUOTE
101520,PMQUOTE
101521,PMQUOTE
101522,PMQUOTE
101523,PMQUOTE
101524,PMQUOTE
101525,PMQUOTE
101526,PMQUOTE
101528,PMQUOTE
101550,PMQUOTE
101575,PMQUOTE
101685,PMQUOTE
101706,PMQUOTE
101726,PMQUOTE
101738,PMQUOTE
101739,PMQUOTE
101740,PMQUOTE
101741,PMQUOTE
101744,PMQUOTE
101745,PMQUOTE
101746,PMQUOTE
101747,PMQUOTE
101748,PMQUOTE
101749,PMQUOTE
101750,PMQUOTE
101751,PMQUOTE
101753,PMQUOTE
101754,PMQUOTE
101755,PMQUOTE
101757,PMQUOTE
101758,PMQUOTE
101759,PMQUOTE
101760,PMQUOTE
101761,PMQUOTE
101762,PMQUOTE
101763,PMQUOTE
101765,PMQUOTE
101766,PMQUOTE
101769,PMQUOTE
101770,PMQUOTE
101772,PMQUOTE
101774,PMQUOTE
101775,PMQUOTE
101782,PMQUOTE
101783,PMQUOTE
101785,PMQUOTE
101786,PMQUOTE
101787,PMQUOTE
101788,PMQUOTE
101789,PMQUOTE
101791,PMQUOTE
101792,PMQUOTE
101793,PMQUOTE
101794,PMQUOTE
101795,PMQUOTE
101796,PMQUOTE
101797,PMQUOTE
101798,PMQUOTE
101800,PMQUOTE
101801,PMQUOTE
101802,PMQUOTE
101804,PMQUOTE
101805,PMQUOTE
101806,PMQUOTE
101807,PMQUOTE
101808,PMQUOTE
101809,PMQUOTE
101810,PMQUOTE
101811,PMQUOTE
101812,PMQUOTE
101813,PMQUOTE
101814,PMQUOTE
101815,PMQUOTE
101816,PMQUOTE
101818,PMQUOTE
101820,PMQUOTE
101821,PMQUOTE
101822,PMQUOTE
101823,PMQUOTE
101824,PMQUOTE
101825,PMQUOTE
101826,PMQUOTE
101828,PMQUOTE
101829,PMQUOTE
101830,PMQUOTE
101833,PMQUOTE
101834,PMQUOTE
101835,PMQUOTE
101836,PMQUOTE
101837,PMQUOTE
101838,PMQUOTE
101839,PMQUOTE
101840,PMQUOTE
101841,PMQUOTE
101844,PMQUOTE
101845,PMQUOTE
101846,PMQUOTE
101847,PMQUOTE
101848,PMQUOTE
101849,PMQUOTE
101850,PMQUOTE
101851,PMQUOTE
101852,PMQUOTE
101853,PMQUOTE
101854,PMQUOTE
101855,PMQUOTE
101856,PMQUOTE
101857,PMQUOTE
101858,PMQUOTE
101859,PMQUOTE
101860,PMQUOTE
101861,PMQUOTE
101862,PMQUOTE
101863,PMQUOTE
101864,PMQUOTE
101865,PMQUOTE
101866,PMQUOTE
101867,PMQUOTE
101868,PMQUOTE
101869,PMQUOTE
101870,PMQUOTE
101871,PMQUOTE
101872,PMQUOTE
101873,PMQUOTE
101874,PMQUOTE
101875,PMQUOTE
101876,PMQUOTE
101877,PMQUOTE
101878,PMQUOTE
101879,PMQUOTE
101880,PMQUOTE
101881,PMQUOTE
101882,PMQUOTE
101883,PMQUOTE
101885,PMQUOTE
101886,PMQUOTE
101887,PMQUOTE
101888,PMQUOTE
101889,PMQUOTE
101892,PMQUOTE
101893,PMQUOTE
101894,PMQUOTE
101895,PMQUOTE
101896,PMQUOTE
101897,PMQUOTE
101900,PMQUOTE
101902,PMQUOTE
101907,PMQUOTE
101908,PMQUOTE
101909,PMQUOTE
101912,PMQUOTE
101914,PMQUOTE
101918,PMQUOTE
101919,PMQUOTE
101920,PMQUOTE
101921,PMQUOTE
101924,PMQUOTE
101929,PMQUOTE
101933,PMQUOTE
101934,PMQUOTE
101939,PMQUOTE
101940,PMQUOTE
101941,PMQUOTE
101942,PMQUOTE
101943,PMQUOTE
101944,PMQUOTE
101945,PMQUOTE
101946,PMQUOTE
101947,PMQUOTE
101948,PMQUOTE
101949,PMQUOTE
101951,PMQUOTE
101952,PMQUOTE
101954,PMQUOTE
101955,PMQUOTE
101960,PMQUOTE
101961,PMQUOTE
101962,PMQUOTE
101963,PMQUOTE
101965,PMQUOTE
101966,PMQUOTE
101967,PMQUOTE
101968,PMQUOTE
101969,PMQUOTE
101970,PMQUOTE
101971,PMQUOTE
101974,PMQUOTE
101975,PMQUOTE
101981,PMQUOTE
101984,PMQUOTE
101985,PMQUOTE
101986,PMQUOTE
101987,PMQUOTE
101988,PMQUOTE
101989,PMQUOTE
101990,PMQUOTE
101991,PMQUOTE
101994,PMQUOTE
101995,PMQUOTE
101999,PMQUOTE
102005,PMQUOTE
102006,PMQUOTE
102007,PMQUOTE
102008,PMQUOTE
102011,PMQUOTE
102012,PMQUOTE
102013,PMQUOTE
102015,PMQUOTE
102016,PMQUOTE
102018,PMQUOTE
102023,PMQUOTE
102026,PMQUOTE
102028,PMQUOTE
102031,PMQUOTE
102032,PMQUOTE
102033,PMQUOTE
102035,PMQUOTE
102037,PMQUOTE
102038,PMQUOTE
102039,PMQUOTE
102044,PMQUOTE
102045,PMQUOTE
102046,PMQUOTE
102049,PMQUOTE
102054,PMQUOTE
102066,PMQUOTE
102069,PMQUOTE
102071,PMQUOTE
102072,PMQUOTE
102073,PMQUOTE
102075,PMQUOTE
102079,PMQUOTE
102082,PMQUOTE
102083,PMQUOTE
102085,PMQUOTE
102088,PMQUOTE
102089,PMQUOTE
102090,PMQUOTE
102091,PMQUOTE
102104,PMQUOTE
102105,PMQUOTE
102106,PMQUOTE
102110,PMQUOTE
102115,PMQUOTE
102116,PMQUOTE
102117,PMQUOTE
102118,PMQUOTE
102125,PMQUOTE
102127,PMQUOTE
102132,PMQUOTE
102133,PMQUOTE
102134,PMQUOTE
102135,PMQUOTE
102136,PMQUOTE
102143,PMQUOTE
102194,PMQUOTE
102195,PMQUOTE
102211,PMQUOTE
102238,PMQUOTE
102248,PMQUOTE
102252,PMQUOTE
102253,PMQUOTE
102258,PMQUOTE
102264,PMQUOTE
102288,PMQUOTE
102321,PMQUOTE
102325,PMQUOTE
102333,PMQUOTE
102346,PMQUOTE
102349,PMQUOTE
102350,PMQUOTE
102351,PMQUOTE
102352,PMQUOTE
102353,PMQUOTE
102354,PMQUOTE
102358,PMQUOTE
102360,PMQUOTE
102362,PMQUOTE
102369,PMQUOTE
102432,PMQUOTE
102433,PMQUOTE
102435,PMQUOTE
102437,PMQUOTE
102440,PMQUOTE
102493,PMQUOTE
102520,PMQUOTE
102525,PMQUOTE
102528,PMQUOTE
102549,PMQUOTE
102612,PMQUOTE
102614,PMQUOTE
102701,PMQUOTE
102711,PMQUOTE
102727,PMQUOTE
102747,PMQUOTE
102756,PMQUOTE
102768,PMQUOTE
102771,PMQUOTE
102832,PMQUOTE
103039,PMQUOTE
103044,PMQUOTE
103046,PMQUOTE
103047,PMQUOTE
103049,PMQUOTE
103054,PMQUOTE
103055,PMQUOTE
103066,PMQUOTE
103067,PMQUOTE
103071,PMQUOTE
103073,PMQUOTE
103074,PMQUOTE
103075,PMQUOTE
103076,PMQUOTE
103077,PMQUOTE
103079,PMQUOTE
103080,PMQUOTE
103082,PMQUOTE
103084,PMQUOTE
103088,PMQUOTE
103089,PMQUOTE
103090,PMQUOTE
103091,PMQUOTE
103092,PMQUOTE
103093,PMQUOTE
103094,PMQUOTE
103095,PMQUOTE
103096,PMQUOTE
103097,PMQUOTE
103098,PMQUOTE
103100,PMQUOTE
103101,PMQUOTE
103102,PMQUOTE
103104,PMQUOTE
103105,PMQUOTE
103106,PMQUOTE
103107,PMQUOTE
103108,PMQUOTE
103109,PMQUOTE
103110,PMQUOTE
103111,PMQUOTE
103112,PMQUOTE
103113,PMQUOTE
103114,PMQUOTE
103116,PMQUOTE
103118,PMQUOTE
103119,PMQUOTE
103120,PMQUOTE
103122,PMQUOTE
103124,PMQUOTE
103125,PMQUOTE
103126,PMQUOTE
103127,PMQUOTE
103128,PMQUOTE
103129,PMQUOTE
103131,PMQUOTE
103132,PMQUOTE
103133,PMQUOTE
103136,PMQUOTE
103137,PMQUOTE
103138,PMQUOTE
103141,PMQUOTE
103144,PMQUOTE
103145,PMQUOTE
103146,PMQUOTE
103147,PMQUOTE
103149,PMQUOTE
103153,PMQUOTE
103158,PMQUOTE
103159,PMQUOTE
103160,PMQUOTE
103161,PMQUOTE
103164,PMQUOTE
103165,PMQUOTE
103166,PMQUOTE
103167,PMQUOTE
103168,PMQUOTE
103170,PMQUOTE
103171,PMQUOTE
103172,PMQUOTE
103173,PMQUOTE
103176,PMQUOTE
103177,PMQUOTE
103178,PMQUOTE
103179,PMQUOTE
103181,PMQUOTE
103184,PMQUOTE
103185,PMQUOTE
103187,PMQUOTE
103188,PMQUOTE
103190,PMQUOTE
103191,PMQUOTE
103192,PMQUOTE
103193,PMQUOTE
103194,PMQUOTE
103195,PMQUOTE
103196,PMQUOTE
103197,PMQUOTE
103198,PMQUOTE
103199,PMQUOTE
103200,PMQUOTE
103206,PMQUOTE
103207,PMQUOTE
103208,PMQUOTE
103209,PMQUOTE
103210,PMQUOTE
103213,PMQUOTE
103214,PMQUOTE
103215,PMQUOTE
103216,PMQUOTE
103217,PMQUOTE
103218,PMQUOTE
103219,PMQUOTE
103220,PMQUOTE
103223,PMQUOTE
103228,PMQUOTE
103229,PMQUOTE
103238,PMQUOTE
103241,PMQUOTE
103269,PMQUOTE
103434,PMQUOTE
103447,PMQUOTE
103448,PMQUOTE
103449,PMQUOTE
103450,PMQUOTE
103451,PMQUOTE
103452,PMQUOTE
103453,PMQUOTE
103454,PMQUOTE
103455,PMQUOTE
103456,PMQUOTE
103457,PMQUOTE
103458,PMQUOTE
103459,PMQUOTE
103460,PMQUOTE
103461,PMQUOTE
103463,PMQUOTE
103464,PMQUOTE
103465,PMQUOTE
103472,PMQUOTE
103473,PMQUOTE
103484,PMQUOTE
103485,PMQUOTE
103486,PMQUOTE
103487,PMQUOTE
103488,PMQUOTE
103489,PMQUOTE
103490,PMQUOTE
103492,PMQUOTE
103497,PMQUOTE
103526,PMQUOTE
103538,PMQUOTE
103561,PMQUOTE
103562,PMQUOTE
103563,PMQUOTE
103568,PMQUOTE
103569,PMQUOTE
103570,PMQUOTE
103571,PMQUOTE
103572,PMQUOTE
103573,PMQUOTE
103574,PMQUOTE
103575,PMQUOTE
103577,PMQUOTE
103578,PMQUOTE
103579,PMQUOTE
103580,PMQUOTE
103581,PMQUOTE
103582,PMQUOTE
103583,PMQUOTE
103585,PMQUOTE
103586,PMQUOTE
103587,PMQUOTE
103588,PMQUOTE
103589,PMQUOTE
103607,PMQUOTE
103610,PMQUOTE
103621,PMQUOTE
103622,PMQUOTE
103624,PMQUOTE
103625,PMQUOTE
103626,PMQUOTE
103627,PMQUOTE
103628,PMQUOTE
103629,PMQUOTE
103630,PMQUOTE
103636,PMQUOTE
103638,PMQUOTE
103639,PMQUOTE
103640,PMQUOTE
103641,PMQUOTE
103642,PMQUOTE
103644,PMQUOTE
103645,PMQUOTE
103646,PMQUOTE
103648,PMQUOTE
103650,PMQUOTE
103651,PMQUOTE
103689,PMQUOTE
103696,PMQUOTE
103697,PMQUOTE
103698,PMQUOTE
103699,PMQUOTE
103700,PMQUOTE
103702,PMQUOTE
103707,PMQUOTE
103708,PMQUOTE
103709,PMQUOTE
103710,PMQUOTE
103711,PMQUOTE
103712,PMQUOTE
103713,PMQUOTE
103716,PMQUOTE
103718,PMQUOTE
103719,PMQUOTE
103720,PMQUOTE
103721,PMQUOTE
103722,PMQUOTE
103723,PMQUOTE
103724,PMQUOTE
103725,PMQUOTE
103732,PMQUOTE
103733,PMQUOTE
103734,PMQUOTE
103735,PMQUOTE
103738,PMQUOTE
103740,PMQUOTE
103835,PMQUOTE
103837,PMQUOTE
103930,PMQUOTE
103931,PMQUOTE
103932,PMQUOTE
103933,PMQUOTE
103934,PMQUOTE
103935,PMQUOTE
104012,PMQUOTE
104013,PMQUOTE
104014,PMQUOTE
104015,PMQUOTE
104016,PMQUOTE
104017,PMQUOTE
104018,PMQUOTE
104019,PMQUOTE
104020,PMQUOTE
104021,PMQUOTE
104022,PMQUOTE
104023,PMQUOTE
104024,PMQUOTE
104025,PMQUOTE
104026,PMQUOTE
104027,PMQUOTE
104028,PMQUOTE
104029,PMQUOTE
104030,PMQUOTE
104031,PMQUOTE
104032,PMQUOTE
104033,PMQUOTE
104034,PMQUOTE
104035,PMQUOTE
104036,PMQUOTE
104037,PMQUOTE
104038,PMQUOTE
104039,PMQUOTE
104040,PMQUOTE
104041,PMQUOTE
104042,PMQUOTE
104043,PMQUOTE
104044,PMQUOTE
104045,PMQUOTE
104048,PMQUOTE
104051,PMQUOTE
104052,PMQUOTE
104053,PMQUOTE
104054,PMQUOTE
104055,PMQUOTE
104056,PMQUOTE
104057,PMQUOTE
104058,PMQUOTE
104060,PMQUOTE
104061,PMQUOTE
104062,PMQUOTE
104063,PMQUOTE
104064,PMQUOTE
104065,PMQUOTE
104067,PMQUOTE
104102,PMQUOTE
104115,PMQUOTE
104123,PMQUOTE
104127,PMQUOTE
104128,PMQUOTE
104155,PMQUOTE
